<?xml version="1.0"?>
<packages>
<package name="googleapi">
 <version major="3" minor="1" micro="1"/>
 <oses>
  <os name="linux"/>
  <os name="win32"/>
  <os name="freebsd"/>
  <os name="beos"/>
  <os name="netbsd"/>
  <os name="amiga"/>
  <os name="solaris"/>
  <os name="openbsd"/>
  <os name="darwin"/>
  <os name="morphos"/>
  <os name="win64"/>
  <os name="wince"/>
  <os name="haiku"/>
  <os name="iphonesim"/>
  <os name="aix"/>
  <os name="aros"/>
  <os name="dragonfly"/>
 </oses>
 <filename>googleapi-3.1.1.zip</filename>
 <author>Michael Van Canneyt</author>
 <license>LGPL with modification, </license>
 <homepageurl>www.freepascal.org</homepageurl>
 <email></email>
 <description>Google API client libraries.</description>
 <dependencies>
  <dependency>
   <package packagename="rtl"/>
  </dependency>
  <dependency>
   <package packagename="fcl-base"/>
  </dependency>
  <dependency>
   <package packagename="rtl-extra"/>
  </dependency>
  <dependency>
   <package packagename="rtl-objpas"/>
  </dependency>
  <dependency>
   <package packagename="fcl-json"/>
  </dependency>
  <dependency>
   <package packagename="fcl-web"/>
  </dependency>
 </dependencies>
</package>
</packages>
